rate,small_inst,small_sla,small_total,big_inst,big_sla,big_total,aiml_inst,aiml_sla,aiml_total
0.1,41840.70335,1.41E-01,41840.84395,104601.7584,2.93E-15,1.05E+05,40932.42482,1.41E-01,4.09E+04
0.3,42535.96044,63.4039011,42599.36434,105348.1219,5.39E-03,1.05E+05,42946.30709,63.14137798,4.30E+04
0.5,46136.2814,5770.526331,51906.80773,105740.4203,5.02E-01,1.06E+05,55078.0293,1534.75897,5.66E+04
0.7,58298.50493,40484.17296,98782.6779,105818.9468,5.13E+00,1.06E+05,74997.22494,3779.569838,7.88E+04
0.9,75735.42157,109590.5888,185326.0104,106921.7778,1.45E+02,1.07E+05,87916.48378,7136.047644,9.51E+04
1.1,88192.21431,182890.4392,271082.6536,109414.3629,1243.892646,1.11E+05,97435.70416,13230.12146,1.11E+05
