rate,small_inst,small_inst_ci,small_sla,small_sla_ci,small_total,small_total_ci,big_inst,big_inst_ci,big_sla,big_sla_ci,big_total,big_total_ci,aiml_inst,aiml_inst_ci,aiml_sla,aiml_sla_ci,aiml_total,aiml_total_ci
0.1, 21928.69213, 100.0 , 1          , 100.0 , 21929.69213, 200.0 , 54782.75297 , 400.0, 1, 0.0, 5.48E+04, 300.0, 21404.99349, 150.0, 1.00000000000  , 0.0, 21405.99349, 150.0
0.3, 22833.45227, 300.0 , 1          , 900.0 , 22834.45227, 1200.0, 55602.03106 , 300.0, 1, 0.0, 5.56E+04, 400.0, 22800.03511, 450.0, 1.00000000000  , 200.0, 22801.03511, 600.0
0.5, 29478.07146, 550.0 , 705.3367678, 1400.0, 30183.40822, 1900.0, 55876.0893  , 400.0, 1, 0.0, 5.59E+04, 300.0, 32161.41994, 700.0, 297.7231612    , 176.0, 32459.1431, 800.0
0.7, 37934.21855, 800.0 , 5503.675655, 2000.0, 43437.89421, 2700.0, 57117.31758 , 300.0, 1, 0.0, 5.71E+04, 400.0, 39420.65265, 900.0, 719.9902703    , 299.0, 40140.64292, 1200.0
0.9, 46514.2929 , 1000.0, 16054.03407, 2800.0, 62568.32696, 4000.0, 59114.29939 , 400.0, 1, 0.0, 5.91E+04, 300.0, 50135.84361, 1200.0,   1519.149027, 399.0, 51654.99263, 1600.0
1.1, 57830.12217, 1290.0, 33707.94692, 3600.0, 91538.06909, 5000.0, 67207.2523  , 300.0, 3, 0.0, 6.76E+04, 400.0, 61678.85031 , 1700.0,  4801.591581, 500.0,  66480.44189, 2300.0
