rate,small_inst,small_inst_ci,small_sla,small_sla_ci,small_total,small_total_ci,big_inst,big_inst_ci,big_sla,big_sla_ci,big_total,big_total_ci,aiml_inst,aiml_inst_ci,aiml_sla,aiml_sla_ci,aiml_total,aiml_total_ci
0.1, 41840.70335, 200.0 , 1.41E-01   , 50.0  , 41840.84395, 250.0 , 104601.7584, 300.0, 2.93E-15, 0.0 , 1.05E+05, 300.0, 40932.42482, 300.0, 1.41E-01   , 0.0, 4.09E+04, 300.0
0.3, 42535.96044, 300.0 , 63.4039011 , 70.0  , 42599.36434, 370.0 , 105348.1219, 500.0, 5.39E-03, 0.0 , 1.05E+05, 500.0, 42946.30709, 1000.0, 63.14137798, 0.0, 4.30E+04, 1000.0
0.5, 46136.2814 , 700.0 , 5770.526331, 100.0 , 51906.80773, 800.0 , 105740.4203, 700.0, 5.02E-01, 0.0 , 1.06E+05, 700.0, 55078.0293 , 1600.0, 1534.75897 , 50.0, 5.66E+04, 1600.0
0.7, 58298.50493, 1000.0, 40484.17296, 900.0 , 98782.6779 , 2000.0, 105818.9468, 400.0, 5.13E+00, 0.0 , 1.06E+05, 400.0, 74997.22494, 2150.0, 3779.569838, 200.0, 7.88E+04, 2400.0
0.9, 75735.42157, 1700.0, 109590.5888, 2500.0, 185326.0104, 4100.0, 106921.7778, 300.0, 1.45E+02, 50.0, 1.07E+05, 350.0, 87916.48378, 2700.0, 7136.047644, 400.0, 9.51E+04, 3000.0
1.1, 88192.21431, 2000.0, 182890.4392, 5000.0, 271082.6536, 7000.0, 109414.3629, 600.0, 1243.892, 99.0, 1.11E+05, 700.0, 97435.70416, 3500.0, 13230.12146, 1000.0, 1.11E+05, 4500.0
